URL_ID,URL,POSITIVE SCORE,NEGATIVE SCORE,POLARITY SCORE,SUBJECTIVITY SCORE,AVG SENTENCE LENGTH,PERCENTAGE OF COMPLEX WORDS,FOG INDEX,AVG NUMBER OF WORDS PER SENTENCE,COMPLEX WORD COUNT,WORD COUNT,SYLLABLE PER WORD,PERSONAL PRONOUNS,AVG WORD LENGTH
1.0,https://insights.blackcoffer.com/how-is-login-logout-time-tracking-for-employees-in-office-done-by-ai/,4,7,-0.2727272479338866,0.00242664901777484,30,0.20533333333333334,12.082133333333333,30,154,750,1.7106666666666666,0,6.044
2.0,https://insights.blackcoffer.com/how-does-ai-help-to-monitor-retail-shelf-watches/,9,6,0.19999998666666757,0.003648747262551995,22,0.2426584234930448,8.897063369397218,22,157,647,1.8145285935085007,0,6.3539412673879445
3.0,https://insights.blackcoffer.com/ai-and-its-impact-on-the-fashion-industry/,35,23,0.20689654815695607,0.00495768869091737,24,0.2465166130760986,9.698606645230441,24,460,1866,1.7593783494105038,0,6.269560557341908
4.0,https://insights.blackcoffer.com/how-do-deep-learning-models-predict-old-and-new-drugs-that-are-successfully-treated-in-healthcare/,6,1,0.7142856122449125,0.00243562978342532,28,0.2743362831858407,11.309734513274336,28,124,452,1.8805309734513274,0,6.3584070796460175
5.0,https://insights.blackcoffer.com/how-artificial-intelligence-can-boost-your-productivity-level/,21,17,0.10526315512465383,0.004985568091710107,22,0.23180379746835442,8.892721518987342,22,293,1264,1.8132911392405062,0,6.030063291139241
6.0,https://insights.blackcoffer.com/how-are-genetic-sequencing-maps-affected-by-deep-learning-and-ai/,18,12,0.19999999333333354,0.004073872894612456,23,0.3,9.32,23,342,1140,1.9035087719298245,0,6.459649122807018
7.0,https://insights.blackcoffer.com/how-is-ai-used-to-solve-traffic-management/,24,27,-0.05882352825836219,0.005545286505866555,22,0.259927797833935,8.903971119133574,22,360,1385,1.8873646209386281,0,6.64043321299639
8.0,https://insights.blackcoffer.com/benefits-of-big-data-in-different-fields/,41,11,0.5769230658284026,0.0044646690130965335,25,0.2515101592531576,10.100604063701264,25,458,1821,1.7781438769906646,0,6.395936298736958
9.0,https://insights.blackcoffer.com/how-big-data-will-impact-the-future-of-business/,48,11,0.6271186334386673,0.005705996130976209,22,0.21712538226299694,8.886850152905199,22,355,1635,1.763302752293578,0,6.324159021406728
10.0,https://insights.blackcoffer.com/how-will-ai-make-decisions-in-tomorrows-wars/,8,16,-0.333333319444445,0.006600660064191238,17,0.19476268412438624,6.877905073649754,17,119,611,1.6170212765957446,0,5.950900163666121
11.0,https://insights.blackcoffer.com/which-one-is-better-ai-or-big-data/,11,2,0.6923076390532585,0.003115264796761259,19,0.24357034795763993,7.697428139183057,19,161,661,1.8835098335854765,0,6.3131618759455375
12.0,https://insights.blackcoffer.com/how-robots-can-help-in-e-learning-platforms/,26,38,-0.18749999707031256,0.007370724403158962,19,0.20741758241758243,7.682967032967034,19,302,1456,1.717032967032967,0,5.9635989010989015
13.0,https://insights.blackcoffer.com/how-does-big-data-help-in-finance-and-the-growth-of-large-firms/,18,14,0.12499999609375013,0.004445061813523397,21,0.21136173767752714,8.484544695071012,21,253,1197,1.6783625730994152,0,6.014202172096909
14.0,https://insights.blackcoffer.com/future-of-work-robot-ai-and-automation/,12,7,0.26315788088642733,0.005144868669064482,22,0.25989672977624784,8.9039586919105,22,151,581,1.9208261617900173,0,6.356282271944923
15.0,https://insights.blackcoffer.com/how-ai-will-help-the-defense-power-of-a-country/,16,38,-0.4074073998628259,0.006281260904236215,15,0.2016925246826516,6.080677009873061,15,286,1418,1.6685472496473908,0,6.0627644569816646
16.0,https://insights.blackcoffer.com/future-of-ai-and-machine-roles-in-the-medical-sector/,14,7,0.3333333174603182,0.0036376234187359044,27,0.19507186858316222,10.878028747433266,27,190,974,1.6663244353182751,0,5.927104722792608
17.0,https://insights.blackcoffer.com/ai-in-healthcare-to-improve-patient-outcomes/,26,19,0.1555555520987655,0.0036812827222119367,24,0.29093886462882096,9.716375545851529,24,533,1832,1.8951965065502183,0,6.672489082969432
18.0,https://insights.blackcoffer.com/what-if-the-creation-is-taking-over-the-creator/,26,33,-0.11864406578569381,0.006916764360267671,18,0.171939477303989,7.268775790921596,18,250,1454,1.5894085281980743,0,5.866574965612105
19.0,https://insights.blackcoffer.com/what-jobs-will-robots-take-from-humans-in-the-future/,28,38,-0.15151514921946743,0.005906040267927871,20,0.26666666666666666,8.106666666666667,20,460,1725,1.8110144927536231,0,6.478260869565218
20.0,https://insights.blackcoffer.com/will-machine-replace-the-human-in-the-future-of-work/,30,22,0.15384615088757403,0.005229809915998209,17,0.20588235294117646,6.882352941176471,17,343,1666,1.7521008403361344,0,5.968187274909964
21.0,https://insights.blackcoffer.com/will-ai-replace-us-or-work-with-us/,29,29,0.0,0.005309896548081123,22,0.20958751393534003,8.883835005574136,22,376,1794,1.6962095875139354,0,6.088628762541806
22.0,https://insights.blackcoffer.com/man-and-machines-together-machines-are-more-diligent-than-humans-blackcoffe/,33,21,0.22222221810699597,0.006693108576265107,20,0.2054380664652568,8.082175226586102,20,272,1324,1.7061933534743203,0,6.093655589123867
23.0,https://insights.blackcoffer.com/in-future-or-in-upcoming-years-humans-and-machines-are-going-to-work-together-in-every-field-of-work/,13,4,0.5294117335640156,0.0036653730048155724,16,0.17108753315649866,6.468435013262599,16,129,754,1.6074270557029178,0,6.151193633952254
24.0,https://insights.blackcoffer.com/how-neural-networks-can-be-applied-in-various-areas-in-the-future/,51,28,0.29113923682102233,0.008437466623044166,22,0.2205692108667529,8.8882276843467,22,341,1546,1.7477360931435963,0,6.05627425614489
25.0,https://insights.blackcoffer.com/how-machine-learning-will-affect-your-business/,15,6,0.4285714081632663,0.004805491989747027,20,0.19680851063829788,8.078723404255319,20,148,752,1.6210106382978724,0,5.8111702127659575
26.0,https://insights.blackcoffer.com/deep-learning-impact-on-areas-of-e-learning/,32,36,-0.05882352854671282,0.0051916323098800095,27,0.21760722347629796,10.88704288939052,27,482,2215,1.7544018058690745,0,5.9133182844243795
27.0,https://insights.blackcoffer.com/how-to-protect-future-data-and-its-privacy-blackcoffer/,18,39,-0.3684210461680518,0.004527402700196394,20,0.2240117130307467,8.089604685212299,20,459,2049,1.7432894094680331,0,6.1444607125427035
28.0,https://insights.blackcoffer.com/how-machines-ai-automations-and-robo-human-are-effective-in-finance-and-banking/,23,22,0.022222221728395074,0.00565539776226525,21,0.27782357790601814,8.511129431162407,21,337,1213,1.9389942291838418,0,6.559769167353669
29.0,https://insights.blackcoffer.com/ai-human-robotics-machine-future-planet-blackcoffer-thinking-jobs-workplace/,17,20,-0.08108107888970058,0.004843565911134498,15,0.21248025276461296,6.084992101105845,15,269,1266,1.716429699842022,0,6.033965244865719
30.0,https://insights.blackcoffer.com/how-ai-will-change-the-world-blackcoffer/,27,18,0.19999999555555567,0.004424778760626865,27,0.18520642201834864,10.87408256880734,27,323,1744,1.6404816513761469,0,5.831422018348624
31.0,https://insights.blackcoffer.com/future-of-work-how-ai-has-entered-the-workplace/,33,17,0.31999999360000014,0.004856254855783192,20,0.21813870776526378,8.087255483106105,20,368,1687,1.7391819798458803,0,6.1031416716064015
32.0,https://insights.blackcoffer.com/ai-tool-alexa-google-assistant-finance-banking-tool-future/,14,2,0.7499999531250029,0.004760487948598486,23,0.28160919540229884,9.31264367816092,23,147,522,1.9003831417624522,0,6.438697318007663
33.0,https://insights.blackcoffer.com/ai-healthcare-revolution-ml-technology-algorithm-google-analytics-industrialrevolution/,40,31,0.12676056159492166,0.006711409395338746,185,0.2018348623853211,74.08073394495413,185,374,1853,1.6864543982730706,0,5.709120345385861
34.0,https://insights.blackcoffer.com/all-you-need-to-know-about-online-marketing/,17,0,0.999999941176474,0.0027905449765609743,17,0.27021494370522003,6.908085977482088,17,264,977,1.8024564994882293,0,6.235414534288639
35.0,https://insights.blackcoffer.com/evolution-of-advertising-industry/,7,3,0.39999996000000404,0.002075550020324709,18,0.2683923705722071,7.307356948228883,18,197,734,1.8119891008174387,0,6.564032697547684
36.0,https://insights.blackcoffer.com/how-data-analytics-can-help-your-business-respond-to-the-impact-of-covid-19/,2,4,-0.33333327777778704,0.002806361083813676,26,0.22916666666666666,10.491666666666667,26,77,336,1.6755952380952381,0,6.363095238095238
37.0,https://insights.blackcoffer.com/covid-19-environmental-impact-for-the-future/,17,35,-0.34615383949704154,0.008013561410384718,20,0.21743295019157088,8.08697318007663,20,227,1044,1.7365900383141764,0,6.2155172413793105
38.0,https://insights.blackcoffer.com/environmental-impact-of-the-covid-19-pandemic-lesson-for-the-future/,6,39,-0.7333333170370374,0.005208333332730517,25,0.21843971631205675,10.087375886524823,25,308,1410,1.6829787234042553,0,6.127659574468085
39.0,https://insights.blackcoffer.com/how-data-analytics-and-ai-are-used-to-halt-the-covid-19-pandemic/,7,10,-0.17647057785467188,0.0038142248140421303,25,0.20666666666666667,10.082666666666668,25,155,750,1.664,0,5.942666666666667
40.0,https://insights.blackcoffer.com/difference-between-artificial-intelligence-machine-learning-statistics-and-data-mining/,45,45,0.0,0.007670018748281062,18,0.19530851606323305,7.278123406425293,18,383,1961,1.722080571137175,0,5.98368179500255
41.0,https://insights.blackcoffer.com/how-python-became-the-first-choice-for-data-science/,18,1,0.8947367950138528,0.004443405050410803,15,0.2409288824383164,6.096371552975327,15,166,689,1.737300435413643,0,6.206095791001451
42.0,https://insights.blackcoffer.com/how-google-fit-measure-heart-and-respiratory-rates-using-a-phone/,4,1,0.599999880000024,0.002108814845167096,22,0.195,8.878,22,78,400,1.7575,0,5.9275
43.0,https://insights.blackcoffer.com/what-is-the-future-of-mobile-apps/,14,10,0.1666666597222225,0.0034970129675802107,23,0.21007685738684884,9.284030742954739,23,246,1171,1.6532877882152006,0,5.860802732707088
45.0,https://insights.blackcoffer.com/impact-of-ai-in-health-and-medicine/,12,5,0.4117646816609011,0.004126213591231501,27,0.28100470957613816,10.912401883830455,27,179,637,1.9623233908948194,0,6.467817896389325
46.0,https://insights.blackcoffer.com/telemedicine-what-patients-like-and-dislike-about-it/,14,6,0.399999980000001,0.008054772449434245,14,0.2216624685138539,5.6886649874055415,14,88,397,1.8387909319899245,0,6.2544080604534
47.0,https://insights.blackcoffer.com/how-we-forecast-future-technologies/,2,0,0.99999950000025,0.0018231540548558302,14,0.281437125748503,5.712574850299402,14,47,167,1.910179640718563,0,6.568862275449102
48.0,https://insights.blackcoffer.com/can-robots-tackle-late-life-loneliness/,15,14,0.034482757431629055,0.006050490297089403,15,0.1581450653983353,6.0632580261593345,15,133,841,1.629013079667063,0,5.699167657550535
49.0,https://insights.blackcoffer.com/embedding-care-robots-into-society-socio-technical-considerations/,4,0,0.9999997500000625,0.0035056967541580216,19,0.203125,7.68125,19,39,192,1.7135416666666667,0,5.942708333333333
50.0,https://insights.blackcoffer.com/management-challenges-for-future-digitalization-of-healthcare-services/,18,23,-0.12195121653777521,0.005153991199854935,20,0.2965459140690817,8.118618365627633,20,352,1187,1.9553496208930077,0,6.701769165964617
51.0,https://insights.blackcoffer.com/are-we-any-closer-to-preventing-a-nuclear-holocaust/,3,18,-0.7142856802721105,0.006308200658964194,26,0.24684684684684685,10.498738738738739,26,137,555,1.7297297297297298,0,5.998198198198198
52.0,https://insights.blackcoffer.com/will-technology-eliminate-the-need-for-animal-testing-in-drug-development/,14,20,-0.17647058304498286,0.005343391481165583,21,0.1948529411764706,8.477941176470589,21,212,1088,1.6755514705882353,0,5.848345588235294
53.0,https://insights.blackcoffer.com/will-we-ever-understand-the-nature-of-consciousness/,20,38,-0.31034482223543414,0.005157389293512592,23,0.2514220705346985,9.30056882821388,23,442,1758,1.8447098976109215,0,6.397042093287827
54.0,https://insights.blackcoffer.com/will-we-ever-colonize-outer-space/,22,18,0.09999999750000006,0.0038997757625134273,25,0.18345526167698367,10.073382104670793,25,326,1777,1.6724817107484524,0,5.772087788407428
55.0,https://insights.blackcoffer.com/what-is-the-chance-homo-sapiens-will-survive-for-the-next-500-years/,17,19,-0.05555555401234573,0.004103031684054817,18,0.18598382749326145,7.274393530997305,18,276,1484,1.6516172506738545,0,5.912398921832884
56.0,https://insights.blackcoffer.com/why-does-your-business-need-a-chatbot/,16,5,0.5238094988662143,0.004132231404145566,14,0.17940199335548174,5.671760797342193,14,162,903,1.5514950166112957,0,5.627906976744186
57.0,https://insights.blackcoffer.com/how-you-lead-a-project-or-a-team-without-any-technical-expertise/,36,6,0.714285697278912,0.005183905207950641,22,0.18075601374570446,8.872302405498282,22,263,1455,1.5896907216494844,0,5.568384879725086
58.0,https://insights.blackcoffer.com/can-you-be-great-leader-without-technical-expertise/,17,6,0.4782608487712674,0.008315256685352402,30,0.2286902286902287,12.091476091476093,30,110,481,1.7858627858627858,0,5.750519750519751
59.0,https://insights.blackcoffer.com/how-does-artificial-intelligence-affect-the-environment/,32,14,0.3913043393194709,0.004578481138192646,23,0.24112607099143207,9.296450428396573,23,394,1634,1.8090575275397798,0,6.1487148102815175
60.0,https://insights.blackcoffer.com/how-to-overcome-your-fear-of-making-mistakes-2/,12,57,-0.6521739035916826,0.011673151748997943,13,0.18385214007782102,5.273540856031129,13,189,1028,1.671206225680934,0,5.75
61.0,https://insights.blackcoffer.com/is-perfection-the-greatest-enemy-of-productivity/,37,16,0.3962264076183697,0.008232370300057103,15,0.1355343179843614,6.054213727193745,15,156,1151,1.530842745438749,0,5.593397046046916
62.0,https://insights.blackcoffer.com/global-financial-crisis-2008-causes-effects-and-its-solution/,11,49,-0.633333322777778,0.008238363310690874,26,0.17366255144032922,10.469465020576132,26,211,1215,1.5629629629629629,0,5.994238683127572
63.0,https://insights.blackcoffer.com/gender-diversity-and-equality-in-the-tech-industry/,15,13,0.07142856887755111,0.0030457957137989995,18,0.21818181818181817,7.287272727272728,18,324,1485,1.7016835016835017,0,6.190572390572391
64.0,https://insights.blackcoffer.com/how-to-overcome-your-fear-of-making-mistakes/,12,64,-0.6842105173130195,0.012121212119278912,14,0.18946395563770796,5.675785582255084,14,205,1082,1.676524953789279,0,5.794824399260628
65.0,https://insights.blackcoffer.com/how-small-business-can-survive-the-coronavirus-crisis/,31,38,-0.10144927389203952,0.007363141606299952,30,0.18107769423558898,12.072431077694237,30,289,1596,1.5726817042606516,0,5.87155388471178
66.0,https://insights.blackcoffer.com/impacts-of-covid-19-on-vegetable-vendors-and-food-stalls/,6,9,-0.19999998666666757,0.003100454732720038,34,0.2020460358056266,13.680818414322253,34,158,782,1.7442455242966752,0,6.186700767263427
67.0,https://insights.blackcoffer.com/impacts-of-covid-19-on-vegetable-vendors/,7,24,-0.5483870790842877,0.003987651144328833,33,0.22131147540983606,13.288524590163934,33,270,1220,1.7762295081967212,0,6.372131147540983
68.0,https://insights.blackcoffer.com/impact-of-covid-19-pandemic-on-tourism-aviation-industries/,8,47,-0.7090908961983474,0.005156088871739375,24,0.21771428571428572,9.687085714285715,24,381,1750,1.7005714285714286,0,6.095428571428571
69.0,https://insights.blackcoffer.com/impact-of-covid-19-pandemic-on-sports-events-around-the-world/,6,134,-0.9142857077551021,0.006709158000349396,18,0.17886879127189204,7.2715475165087575,18,623,3483,1.5099052540913005,0,5.991099626758541
70.0,https://insights.blackcoffer.com/changing-landscape-and-emerging-trends-in-the-indian-it-ites-industry/,8,34,-0.6190476043083905,0.0038734667523864733,21,0.20444444444444446,8.481777777777777,21,368,1800,1.6794444444444445,0,6.023888888888889
71.0,https://insights.blackcoffer.com/online-gaming-adolescent-online-gaming-effects-demotivated-depression-musculoskeletal-and-psychosomatic-symptoms/,17,43,-0.43333332611111125,0.005939417936454225,25,0.28682673588578844,10.114730694354316,25,442,1541,1.8338741077222582,0,6.555483452303699
72.0,https://insights.blackcoffer.com/human-rights-outlook/,2,1,0.33333322222225925,0.0030150753738541957,19,0.1657142857142857,7.666285714285715,19,29,175,1.64,0,5.685714285714286
73.0,https://insights.blackcoffer.com/how-voice-search-makes-your-business-a-successful-business/,20,2,0.8181817809917372,0.003720615592132485,22,0.2147117296222664,8.885884691848906,22,216,1006,1.6848906560636183,0,5.8777335984095425
74.0,https://insights.blackcoffer.com/how-the-covid-19-crisis-is-redefining-jobs-and-services/,28,31,-0.050847456765297346,0.0053306830497532815,15,0.16666666666666666,6.066666666666666,15,310,1860,1.60752688172043,0,5.950537634408602
75.0,https://insights.blackcoffer.com/how-to-increase-social-media-engagement-for-marketers/,20,17,0.08108107888970058,0.0033682294034257415,19,0.2440771349862259,7.697630853994491,19,443,1815,1.7509641873278237,0,6.0523415977961434
76.0,https://insights.blackcoffer.com/impacts-of-covid-19-on-streets-sides-food-stalls/,5,19,-0.5833333090277788,0.0036391205453162817,23,0.1981651376146789,9.279266055045872,23,216,1090,1.6321100917431193,0,6.0504587155963305
77.0,https://insights.blackcoffer.com/coronavirus-impact-on-energy-markets-2/,3,47,-0.8799999824000004,0.004327131111698215,30,0.21750951604132682,12.087003806416533,30,400,1839,1.6900489396411094,0,6.283306144643828
78.0,https://insights.blackcoffer.com/coronavirus-impact-on-the-hospitality-industry-5/,4,25,-0.7241379060642101,0.00481327800749987,19,0.20321931589537223,7.681287726358149,19,202,994,1.687122736418511,0,6.061368209255533
79.0,https://insights.blackcoffer.com/lessons-from-the-past-some-key-learnings-relevant-to-the-coronavirus-crisis-4/,12,39,-0.5294117543252598,0.007030603803828149,17,0.19593495934959348,6.878373983739838,17,241,1230,1.6715447154471545,0,5.897560975609756
80.0,https://insights.blackcoffer.com/estimating-the-impact-of-covid-19-on-the-world-of-work-2/,20,25,-0.11111110864197538,0.006727462997947755,30,0.21085409252669038,12.084341637010677,30,237,1124,1.706405693950178,0,5.951067615658363
81.0,https://insights.blackcoffer.com/estimating-the-impact-of-covid-19-on-the-world-of-work-3/,9,37,-0.6086956389413992,0.0056022408956762585,23,0.21654135338345865,9.286616541353384,23,288,1330,1.6842105263157894,0,6.173684210526316
82.0,https://insights.blackcoffer.com/travel-and-tourism-outlook/,2,1,0.33333322222225925,0.002752293575456611,18,0.17,7.268000000000001,18,34,200,1.6,0,5.45
83.0,https://insights.blackcoffer.com/gaming-disorder-and-effects-of-gaming-on-health/,17,28,-0.2444444390123458,0.006834750910262036,18,0.18044444444444444,7.272177777777777,18,203,1125,1.5804444444444445,0,5.852444444444444
84.0,https://insights.blackcoffer.com/what-is-the-repercussion-of-the-environment-due-to-the-covid-19-pandemic-situation/,6,21,-0.5555555349794246,0.0068095838570467635,18,0.1984732824427481,7.2793893129770995,18,130,655,1.5969465648854961,0,6.0534351145038165
85.0,https://insights.blackcoffer.com/what-is-the-repercussion-of-the-environment-due-to-the-covid-19-pandemic-situation-2/,9,46,-0.6727272604958681,0.007662301475666996,23,0.21626297577854672,9.28650519031142,23,250,1156,1.7050173010380623,0,6.209342560553633
86.0,https://insights.blackcoffer.com/impact-of-covid-19-pandemic-on-office-space-and-co-working-industries/,11,26,-0.4054053944485029,0.005827689398987606,28,0.1665158371040724,11.26660633484163,28,184,1105,1.56289592760181,0,5.745701357466063
87.0,https://insights.blackcoffer.com/contribution-of-handicrafts-visual-arts-literature-in-the-indian-economy/,3,2,0.199999960000008,0.0018754688665133276,34,0.28640776699029125,13.714563106796119,34,118,412,1.8276699029126213,0,6.470873786407767
88.0,https://insights.blackcoffer.com/how-covid-19-is-impacting-payment-preferences/,8,3,0.4545454132231443,0.003034482757783591,20,0.16825396825396827,8.067301587301587,20,106,630,1.5952380952380953,0,5.753968253968254
89.0,https://insights.blackcoffer.com/how-will-covid-19-affect-the-world-of-work-2/,5,43,-0.7916666501736115,0.007094295003385413,33,0.21316033364226136,13.285264133456906,33,230,1079,1.685820203892493,0,6.270620945319741
90.0,https://insights.blackcoffer.com/lessons-from-the-past-some-key-learnings-relevant-to-the-coronavirus-crisis/,8,12,-0.1999999900000005,0.00511508951275829,24,0.11502029769959404,9.646008119079838,24,85,739,1.4790257104194857,0,5.2909336941813265
91.0,https://insights.blackcoffer.com/covid-19-how-have-countries-been-responding/,3,41,-0.863636344008265,0.006596701648186401,23,0.2033271719038817,9.281330868761554,23,220,1082,1.6146025878003696,0,6.164510166358595
92.0,https://insights.blackcoffer.com/coronavirus-impact-on-the-hospitality-industry-2/,12,37,-0.5102040712203251,0.007380629611781799,20,0.20534861509073543,8.082139446036294,20,215,1047,1.752626552053486,0,6.340974212034384
93.0,https://insights.blackcoffer.com/how-will-covid-19-affect-the-world-of-work-3/,14,28,-0.3333333253968256,0.006345369390188039,20,0.21462043111527648,8.085848172446111,20,229,1067,1.6944704779756325,0,6.203373945641987
94.0,https://insights.blackcoffer.com/coronavirus-impact-on-the-hospitality-industry-3/,10,39,-0.5918367226155771,0.006244424620078447,23,0.21284829721362228,9.285139318885449,23,275,1292,1.6702786377708978,0,6.073529411764706
95.0,https://insights.blackcoffer.com/estimating-the-impact-of-covid-19-on-the-world-of-work/,24,53,-0.37662337173216404,0.008218593232125244,23,0.18516209476309228,9.274064837905238,23,297,1604,1.619700748129676,0,5.8410224438902745
96.0,https://insights.blackcoffer.com/covid-19-how-have-countries-been-responding-2/,15,48,-0.523809515495087,0.00559006211130523,25,0.21021820117083556,10.084087280468335,25,395,1879,1.5949973390101118,0,5.99787120808941
97.0,https://insights.blackcoffer.com/how-will-covid-19-affect-the-world-of-work-4/,7,24,-0.5483870790842877,0.006573367258996317,76,0.10671067106710672,30.442684268426845,76,97,909,1.4664466446644664,0,5.188118811881188
98.0,https://insights.blackcoffer.com/lessons-from-the-past-some-key-learnings-relevant-to-the-coronavirus-crisis-2/,27,77,-0.48076922614644974,0.00845184884124731,28,0.20958694543600204,11.283834778174402,28,411,1961,1.6675165731769506,0,6.274859765425803
99.0,https://insights.blackcoffer.com/lessons-from-the-past-some-key-learnings-relevant-to-the-coronavirus-crisis-3/,14,16,-0.06666666444444451,0.004144791378261289,16,0.17642526964560862,6.470570107858244,16,229,1298,1.6633281972265024,0,5.576271186440678
100.0,https://insights.blackcoffer.com/coronavirus-impact-on-the-hospitality-industry-4/,4,14,-0.5555555246913597,0.007901668126469856,22,0.23796033994334279,8.895184135977336,22,84,353,1.7195467422096318,0,6.453257790368272
101.0,https://insights.blackcoffer.com/why-scams-like-nirav-modi-happen-with-indian-banks/,17,93,-0.6909090846280993,0.008065698782221315,25,0.20935513169845596,10.083742052679384,25,461,2202,1.6226158038147138,0,6.193460490463215
102.0,https://insights.blackcoffer.com/impact-of-covid-19-on-the-global-economy/,17,37,-0.37037036351166,0.006033519552398489,25,0.15375153751537515,10.061500615006151,25,250,1626,1.5774907749077491,0,5.50430504305043
103.0,https://insights.blackcoffer.com/impact-of-covid-19coronavirus-on-the-indian-economy-2/,16,60,-0.5789473608033242,0.007192882831043641,21,0.20056022408963586,8.480224089635854,21,358,1785,1.6263305322128851,0,5.919327731092437
104.0,https://insights.blackcoffer.com/impact-of-covid-19-on-the-global-economy-2/,18,55,-0.506849308125352,0.006520768199506854,25,0.21366594360086769,10.085466377440348,25,394,1844,1.6963123644251628,0,6.071041214750542
105.0,https://insights.blackcoffer.com/impact-of-covid-19-coronavirus-on-the-indian-economy-3/,24,63,-0.44827585691636945,0.006816045126385456,31,0.23929961089494164,12.495719844357978,31,492,2056,1.6721789883268483,0,6.208171206225681
106.0,https://insights.blackcoffer.com/should-celebrities-be-allowed-to-join-politics/,28,25,0.056603772516909956,0.0045697534053656015,29,0.2158968850698174,11.686358754027928,29,402,1862,1.7024704618689581,0,6.228786251342642
107.0,https://insights.blackcoffer.com/how-prepared-is-india-to-tackle-a-possible-covid-19-outbreak/,7,26,-0.5757575583103771,0.006283320638559916,26,0.20756880733944955,10.48302752293578,26,181,872,1.680045871559633,0,6.022935779816514
108.0,https://insights.blackcoffer.com/how-will-covid-19-affect-the-world-of-work/,6,80,-0.8604651062736616,0.008413226373663351,25,0.21213942307692307,10.08485576923077,25,353,1664,1.6947115384615385,0,6.143028846153846
109.0,https://insights.blackcoffer.com/controversy-as-a-marketing-strategy/,14,39,-0.47169810430758297,0.00884070058234517,23,0.22233104799216455,9.288932419196867,23,227,1021,1.6699314397649363,0,5.871694417238002
110.0,https://insights.blackcoffer.com/coronavirus-impact-on-the-hospitality-industry/,0,13,-0.9999999230769291,0.0029154518943898962,24,0.22175141242937854,9.688700564971752,24,157,708,1.6935028248587571,0,6.298022598870056
111.0,https://insights.blackcoffer.com/coronavirus-impact-on-energy-markets/,6,33,-0.6923076745562136,0.003668861711790323,34,0.19615832363213037,13.678463329452853,34,337,1718,1.7549476135040745,0,6.187427240977882
112.0,https://insights.blackcoffer.com/what-are-the-key-policies-that-will-mitigate-the-impacts-of-covid-19-on-the-world-of-work/,38,30,0.11764705709342564,0.0060698027308694275,26,0.22639425731639978,10.49055770292656,26,410,1811,1.7382661512976256,0,6.1860850358917725
113.0,https://insights.blackcoffer.com/marketing-drives-results-with-a-focus-on-problems/,10,22,-0.3749999882812504,0.00365213421551562,24,0.22714681440443213,9.690858725761773,24,328,1444,1.709141274238227,0,6.06786703601108
114.0,https://insights.blackcoffer.com/continued-demand-for-sustainability/,23,27,-0.07999999840000004,0.007179781733604281,25,0.28472906403940884,10.113891625615764,25,289,1015,1.8985221674876847,0,6.861083743842364
115.0,https://insights.blackcoffer.com/coronavirus-disease-covid-19-effect-the-impact-and-role-of-mass-media-during-the-pandemic/,4,10,-0.42857139795918586,0.00546874999786377,28,0.2694300518134715,11.30777202072539,28,104,386,1.9455958549222798,0,6.632124352331606
116.0,https://insights.blackcoffer.com/should-people-wear-fabric-gloves-seeking-evidence-regarding-the-differential-transfer-of-covid-19-or-coronaviruses-generally-between-surfaces/,3,1,0.49999987500003124,0.0020693222958772257,22,0.17478510028653296,8.869914040114613,22,61,349,1.5845272206303724,0,5.538681948424069
117.0,https://insights.blackcoffer.com/why-is-there-a-severe-immunological-and-inflammatory-explosion-in-those-affected-by-sarms-covid-19/,0,14,-0.9999999285714337,0.005830903787658932,20,0.17882352941176471,8.071529411764706,20,76,425,1.5129411764705882,0,5.649411764705882
118.0,https://insights.blackcoffer.com/what-do-you-think-is-the-lesson-or-lessons-to-be-learned-with-covid-19/,0,6,-0.9999998333333611,0.0042046250846498765,30,0.1859504132231405,12.074380165289256,30,45,242,1.6611570247933884,0,5.896694214876033
119.0,https://insights.blackcoffer.com/coronavirus-the-unexpected-challenge-for-the-european-union/,3,14,-0.6470587854671302,0.010685103701643554,19,0.20075757575757575,7.68030303030303,19,53,264,1.6856060606060606,0,6.026515151515151
120.0,https://insights.blackcoffer.com/industrial-revolution-4-0-pros-and-cons/,26,11,0.4054053944485029,0.008889956749425767,19,0.2614173228346457,7.7045669291338585,19,166,635,1.8204724409448818,0,6.554330708661418
121.0,https://insights.blackcoffer.com/impact-of-covid-19-coronavirus-on-the-indian-economy/,7,54,-0.7704917906476756,0.009543178972224158,26,0.20260223048327136,10.48104089219331,26,218,1076,1.6013011152416357,0,5.940520446096654
122.0,https://insights.blackcoffer.com/impact-of-covid-19-coronavirus-on-the-indian-economy-2/,2,40,-0.9047618832199552,0.007070707069516715,30,0.17382617382617382,12.06953046953047,30,174,1001,1.5804195804195804,0,5.934065934065934
123.0,https://insights.blackcoffer.com/impact-of-covid-19coronavirus-on-the-indian-economy/,13,53,-0.6060605968778697,0.0058057705835849955,25,0.23809523809523808,10.095238095238095,25,445,1869,1.7169609416800429,0,6.082397003745318
124.0,https://insights.blackcoffer.com/impact-of-covid-19-coronavirus-on-the-global-economy/,3,8,-0.4545454132231443,0.0028453181575671706,18,0.1765625,7.270625,18,113,640,1.571875,0,6.040625
125.0,https://insights.blackcoffer.com/ensuring-growth-through-insurance-technology/,16,18,-0.05882352768166096,0.004849522178740619,30,0.24913194444444445,12.099652777777777,30,287,1152,1.7196180555555556,0,6.0859375
126.0,https://insights.blackcoffer.com/blockchain-in-fintech/,5,13,-0.4444444197530878,0.00304002702194899,26,0.20776495278069254,10.483105981112278,26,198,953,1.7103882476390346,0,6.213011542497377
127.0,https://insights.blackcoffer.com/blockchain-for-payments/,11,20,-0.29032257127991706,0.005208333332458277,19,0.20588235294117646,7.682352941176472,19,196,952,1.6953781512605042,0,6.2521008403361344
128.0,https://insights.blackcoffer.com/the-future-of-investing/,24,10,0.41176469377162667,0.0034616167783077154,26,0.2298636926889715,10.491945477075589,26,371,1614,1.690830235439901,0,6.08550185873606
129.0,https://insights.blackcoffer.com/big-data-analytics-in-healthcare/,14,46,-0.5333333244444446,0.008287292816534904,18,0.2688081149619611,7.307523245984784,18,318,1183,1.78698224852071,0,6.120033812341505
130.0,https://insights.blackcoffer.com/business-analytics-in-the-healthcare-industry/,17,6,0.4782608487712674,0.004663422545688681,25,0.30357142857142855,10.121428571428572,25,221,728,1.929945054945055,0,6.774725274725275
131.0,https://insights.blackcoffer.com/challenges-and-opportunities-of-big-data-in-healthcare/,17,46,-0.4603174530108341,0.009719222460703607,16,0.2049102927289896,6.4819641170915965,16,217,1059,1.7110481586402266,0,6.120868744098206
132.0,https://insights.blackcoffer.com/obstacles-to-data-driven-healthcare/,20,39,-0.32203389284688316,0.0063749324682469,28,0.21241830065359477,11.284967320261439,28,325,1530,1.6967320261437908,0,6.049019607843137
133.0,https://insights.blackcoffer.com/monetization-of-data-innovate-to-harvest-the-full-value-of-data/,33,8,0.609756082688876,0.005308817816223123,21,0.26139294926913154,8.504557179707652,21,304,1163,1.9088564058469475,0,6.640584694754944
134.0,https://insights.blackcoffer.com/traceability-of-information-master-your-data-capital/,15,36,-0.41176469780853536,0.006837377663649634,22,0.2772808586762075,8.910912343470484,22,310,1118,1.9919499105545617,0,6.671735241502684
135.0,https://insights.blackcoffer.com/bank-risk-management-india/,19,27,-0.17391303969754263,0.005851672814419072,22,0.20708237105465743,8.882832948421862,22,269,1299,1.672055427251732,0,6.051578137028484
136.0,https://insights.blackcoffer.com/advance-analytics-for-refocusing-profits/,35,24,0.18644067480609028,0.007043935051690074,18,0.2764612954186414,7.310584518167457,18,350,1266,1.8917851500789888,0,6.61611374407583
137.0,https://insights.blackcoffer.com/role-of-big-data-analytics-banking-and-finance/,7,12,-0.26315788088642733,0.0037962037954453135,19,0.23891625615763548,7.6955665024630555,19,194,812,1.7733990147783252,0,6.163793103448276
138.0,https://insights.blackcoffer.com/mitigating-bank-risk-management/,21,28,-0.14285713994169102,0.0056897352524744845,29,0.23482658959537572,11.69393063583815,29,325,1384,1.7630057803468209,0,6.222543352601156
139.0,https://insights.blackcoffer.com/future-of-bank-risk-management/,10,25,-0.428571416326531,0.006918363311540153,23,0.21027479091995221,9.284109916367981,23,176,837,1.7228195937873356,0,6.044205495818399
140.0,https://insights.blackcoffer.com/advanced-analytics-redefining-banking/,21,23,-0.04545454442148763,0.004356435643133026,25,0.24876847290640394,10.099507389162563,25,404,1624,1.7666256157635467,0,6.219211822660099
141.0,https://insights.blackcoffer.com/marketing-analytics-needs/,35,8,0.6279069621416986,0.004490392647818463,18,0.2556291390728477,7.3022516556291395,18,386,1510,1.7821192052980133,0,6.341721854304636
142.0,https://insights.blackcoffer.com/big-data-analytics-to-bring-transparency-and-good-governance/,34,16,0.35999999280000017,0.00859106529062009,26,0.26140155728587317,10.504560622914349,26,235,899,1.8264738598442714,0,6.473859844271413
143.0,https://insights.blackcoffer.com/how-political-leaders-will-shape-tomorrow-using-big-data-analytics/,28,13,0.3658536496133256,0.00526450950112166,32,0.22496025437201908,12.889984101748809,32,283,1258,1.782193958664547,0,6.1907790143084265
144.0,https://insights.blackcoffer.com/big-data-and-analytics-to-help-form-political-leaders-win-election/,14,23,-0.24324323666910172,0.0060103963602972064,19,0.2588116817724068,7.703524672708963,19,257,993,1.7613293051359518,0,6.19939577039275
145.0,https://insights.blackcoffer.com/the-emergence-of-data-analytics/,3,5,-0.24999996875000394,0.0022484541871139814,19,0.2715827338129496,7.7086330935251794,19,151,556,1.8758992805755397,0,6.399280575539568
146.0,https://insights.blackcoffer.com/how-artificial-intelligence-can-deliver-real-value-to-companies-2/,31,16,0.31914892937981004,0.0047924951560321715,20,0.2315989847715736,8.092639593908629,20,365,1576,1.774746192893401,0,6.222715736040609
147.0,https://insights.blackcoffer.com/the-prospective-recipe-of-success-in-the-age-of-analytics/,17,18,-0.028571427755102068,0.004350528277893035,20,0.22477064220183487,8.089908256880735,20,294,1308,1.7224770642201834,0,6.150611620795107
148.0,https://insights.blackcoffer.com/using-people-analytics-to-drive-business-performance/,9,9,0.0,0.0042184204349148295,22,0.2095890410958904,8.883835616438356,22,153,730,1.7301369863013698,0,5.845205479452055
149.0,https://insights.blackcoffer.com/how-artificial-intelligence-can-deliver-real-value-to-companies/,18,31,-0.2653061170345691,0.006599326598437801,19,0.2138157894736842,7.685526315789474,19,260,1216,1.78125,0,6.106085526315789
150.0,https://insights.blackcoffer.com/big-data-analytics-through-iot-in-oil-and-gas-industry/,24,44,-0.2941176427335641,0.006367637418637734,24,0.24300178677784395,9.697200714711137,24,408,1679,1.799285288862418,0,6.360333531864205
151.0,https://insights.blackcoffer.com/how-big-data-and-analytics-is-helping-marketing-leaders/,23,9,0.4374999863281255,0.00427750300704752,17,0.255050505050505,6.902020202020203,17,303,1188,1.8156565656565657,0,6.297138047138047
152.0,https://insights.blackcoffer.com/what-analytics-outsourcing-engagement-model-is-right-for-you/,26,3,0.7931034209274682,0.004688005172213384,22,0.24871531346351491,8.899486125385407,22,242,973,1.8119218910585817,0,6.3576567317574515
153.0,https://insights.blackcoffer.com/big-data-analytics-solving-problems-banking-and-finance-industry/,16,14,0.06666666444444451,0.0048851978497174405,19,0.22759315206445116,7.69103726082578,19,226,993,1.756294058408862,0,6.18429003021148
154.0,https://insights.blackcoffer.com/analytics-healthcare-industry/,19,20,-0.025641024983563465,0.0058823529402892375,21,0.26995073891625615,8.507980295566503,21,274,1015,1.8798029556650246,0,6.532019704433497
155.0,https://insights.blackcoffer.com/business-analytics-textile-industry/,24,3,0.7777777489711944,0.0032608695648235664,39,0.26986624704956724,15.70794649881983,39,343,1271,1.8512981904012589,0,6.514555468135327
156.0,https://insights.blackcoffer.com/big-data-marketing-reality/,23,7,0.5333333155555561,0.004859873642497996,22,0.20672601384767555,8.882690405539071,22,209,1011,1.7289812067260137,0,6.105835806132542
157.0,https://insights.blackcoffer.com/understanding-millennial-market/,8,6,0.14285713265306196,0.0036213140187218535,28,0.2306451612903226,11.29225806451613,28,143,620,1.8419354838709678,0,6.235483870967742
158.0,https://insights.blackcoffer.com/analytics-helping-fashion-e-tailers-develop-markets-developing-countries/,10,3,0.5384614970414233,0.002820568452414717,20,0.24258760107816713,8.097035040431267,20,180,742,1.7884097035040432,0,6.211590296495957
159.0,https://insights.blackcoffer.com/big-data-analytics-change-healthcare-developing-countries/,26,10,0.44444443209876583,0.006793734665636208,27,0.27060270602706027,10.908241082410825,27,220,813,1.8880688806888068,0,6.517835178351784
160.0,https://insights.blackcoffer.com/big-data-analytics-help-voters-know-political-leaders/,11,7,0.2222222098765439,0.0038063015428618516,27,0.21755253399258342,10.887021013597035,27,176,809,1.6946847960444993,0,5.84548825710754
161.0,https://insights.blackcoffer.com/digital-transformation-oil-gas/,9,15,-0.24999998958333375,0.0053392658497576715,27,0.2832369942196532,10.913294797687861,27,196,692,1.8497109826589595,0,6.495664739884393
162.0,https://insights.blackcoffer.com/data-analytics-reduce-cost-production/,21,9,0.3999999866666671,0.005996402157506215,33,0.21912832929782083,13.28765133171913,33,181,826,1.7409200968523002,0,6.056900726392252
163.0,https://insights.blackcoffer.com/gaining-insights-internal-data-retail/,18,5,0.5652173667296797,0.0057687484309584276,24,0.260655737704918,9.704262295081968,24,159,610,1.842622950819672,0,6.536065573770492
164.0,https://insights.blackcoffer.com/role-big-data-cyber-security/,12,31,-0.44186045484045455,0.008078151416855504,26,0.293213828425096,10.517285531370039,26,229,781,1.974391805377721,0,6.815620998719591
165.0,https://insights.blackcoffer.com/role-big-data-healthcare/,33,49,-0.19512194883997624,0.010055180869398507,22,0.2985938792390405,8.919437551695616,22,361,1209,1.9859387923904053,0,6.745244003308519
166.0,https://insights.blackcoffer.com/data-driven-dashboards/,6,2,0.4999999375000079,0.0013922728852432521,21,0.26673866090712745,8.506695464362851,21,247,926,1.8401727861771058,0,6.205183585313175
167.0,https://insights.blackcoffer.com/role-big-data-academia/,18,40,-0.3793103382877528,0.006138865367682169,21,0.22769028871391075,8.491076115485566,21,347,1524,1.7926509186351707,0,6.199475065616798
168.0,https://insights.blackcoffer.com/sales-forecasting-in-retail/,21,15,0.16666666203703717,0.005616224648109793,26,0.2641315519013361,10.505652620760536,26,257,973,1.8324768756423433,0,6.5878725590955804
169.0,https://insights.blackcoffer.com/detect-data-exfiltration-over-the-network/,4,49,-0.8490565877536493,0.008189122372035056,18,0.26021934197407776,7.304087736789632,18,261,1003,1.880358923230309,0,6.452642073778664
170.0,https://insights.blackcoffer.com/data-exfiltration/,4,10,-0.42857139795918586,0.003909522478662518,21,0.22666666666666666,8.490666666666668,21,136,600,1.775,0,5.968333333333334
171.0,https://insights.blackcoffer.com/impacts-of-covid-19-on-vegetable-vendors-and-food-stalls/,6,9,-0.19999998666666757,0.003100454732720038,34,0.2020460358056266,13.680818414322253,34,158,782,1.7442455242966752,0,6.186700767263427
